Office,State
AKRON OH,OH
ALBANY,NY
ALBUQUERQUE,NM
ALEXANDRIA,VA
ATLANTA DOWNTOWN,GA
ATLANTA NORTH,GA
BALTIMORE,MD
BILLINGS,MT
BIRMINGHAM,AL
BOSTON,MA
BRONX,NY
BUFFALO,NY
CHARLESTON SC,SC
CHARLESTON WV,WV
CHARLOTTE,NC
CHARLOTTESVILLE,VA
CHATTANOOGA,TN
CHICAGO,IL
CINCINNATI,OH
CLEVELAND,OH
COLORADO SPRINGS,CO
COLUMBIA MO,MO
COLUMBIA SC,SC
COLUMBUS,OH
COVINGTON GA,GA
DALLAS DOWNTOWN,TX
DALLAS NORTH OHO,TX
DAYTON,OH
DENVER,CO
DES MOINES,IA
DETROIT,MI
DOVER,DE
ELKINS PARK,PA
EUGENE,OR
EVANSTON,IL
EVANSVILLE,IN
FARGO,ND
FAYETTEVILLE NC,NC
FLINT,MI
FLORENCE,SC
FORT MYERS FL,FL
FORT SMITH,AR
FORT WAYNE,IN
FORT WORTH,TX
FRANKLIN TN,TN
FRESNO,CA
FT LAUDERDALE,FL
GRAND RAPIDS,MI
GREENSBORO,NC
GREENVILLE,SC
HARRISBURG,PA
HARTFORD,CT
HATTIESBURG,MS
HONOLULU,HI
HOUSTON NORTH,TX
HOUSTON WEST,TX
HUNTINGTON WV,WV
INDIANAPOLIS,IN
JACKSON MS OHO,MS
JACKSONVILLE,FL
JERSEY CITY,NJ
JOHNSTOWN,PA
KANSAS CITY,MO
KINGSPORT,TN
KNOXVILLE,TN
LANSING,MI
LAS VEGAS,NV
LAWRENCE MA,MA
LEXINGTON,KY
LITTLE ROCK,AR
LIVONIA MI,MI
LONG BEACH,CA
LONG ISLAND,NY
LOS ANGELES DOWNTOWN,CA
LOS ANGELES WEST,CA
LOUISVILLE,KY
MACON,GA
MADISON,WI
MANCHESTER,NH
MCALESTER,OK
MEMPHIS,TN
METAIRIE,LA
MIAMI OHO,FL
MIDDLESBORO,KY
MILWAUKEE,WI
MINNEAPOLIS,MN
MOBILE,AL
MONTGOMERY,AL
MORENO VALLEY,CA
MORGANTOWN,WV
MT PLEASANT MI,MI
NASHVILLE,TN
NEW HAVEN,CT
NEW ORLEANS,LA
NEW YORK,NY
NEW YORK VARICK,NY
NEWARK,NJ
NHC ALBUQUERQUE,NHC
NHC BALTIMORE,NHC
NHC CHICAGO,NHC
NHC FALLS CHURCH,NHC
NHC ST LOUIS,NHC
NORFOLK,VA
NORWALK,CA
OAK BROOK,IL
OAK PARK,MI
OAKLAND,CA
OKLAHOMA CITY,OK
OMAHA,NE
ORANGE,CA
ORLAND PARK,IL
ORLANDO,FL
PADUCAH,KY
PASADENA,CA
PEORIA,IL
PHILADELPHIA,PA
PHILADELPHIA EAST,PA
PHOENIX DOWNTOWN,AZ
PHOENIX NORTH,AZ
PITTSBURGH,PA
PONCE,PR
PORTLAND ME,ME
PORTLAND OR,OR
PROVIDENCE,RI
QUEENS,NY
RALEIGH,NC
RENO,NV
RICHMOND,VA
RIO GRANDE VALLEY TX,TX
ROANOKE,VA
ROCHESTER,NY
SACRAMENTO,CA
SALT LAKE CITY,UT
SAN ANTONIO,TX
SAN BERNARDINO,CA
SAN DIEGO,CA
SAN FRANCISCO,CA
SAN JOSE,CA
SAN JUAN,PR
SAN RAFAEL,CA
SANTA BARBARA,CA
SAVANNAH,GA
SEATTLE,WA
SEVEN FIELDS,PA
SHREVEPORT,LA
SOUTH JERSEY,NJ
SPECIAL REVIEW CADRE,SPECIAL
SPOKANE,WA
SPRINGFIELD MA,MA
SPRINGFIELD MO,MO
ST LOUIS,MO
ST PETERSBURG FL OHO,FL
STOCKTON,CA
SYRACUSE,NY
TACOMA,WA
TALLAHASSEE FL OHO,FL
TAMPA OHO,FL
TOLEDO OH,OH
TOPEKA KS,KS
TUCSON,AZ
TULSA OHO,OK
TUPELO,MS
VALPARAISO IN,IN
WASHINGTON,DC
WHITE PLAINS,NY
WICHITA,KS
WILKES BARRE,PA
